Name,Rank
Raymond,1
Shino,2
Bob,3
Marshal,4
Audie,5
Ankha,6
Molly,7
Sherb,8
Stitches,9
Coco,10
Lolly,11
Zucker,12
Fauna,13
Judy,14
Maple,15
Sasha,16
Fuchsia,17
Lucky,18
Teddy,19
Bruce,20
Rosie,21
Blanche,22
Roald,23
Merengue,24
Ione,25
Punchy,26
Ketchup,27
Marina,28
Amelia,29
Cherry,30
Poppy,31
Beau,32
Tangy,33
Dom,34
Lily,35
Erik,36
Goldie,37
Kid Cat,38
Quillson,39
Diana,40
Kiki,41
Phoebe,42
Bam,43
Cephalobot,44
Tia,45
Skye,46
Cookie,47
Biskit,48
Julian,49
Kabuki,50
Melba,51
Daisy,52
Cranston,53
Hamlet,54
Apple,55
Fang,56
Apollo,57
Filbert,58
Whitney,59
Merry,60
Bluebear,61
Bill,62
Pashmina,63
Rudy,64
Pietro,65
Genji,66
Wolfgang,67
Cyrano,68
Bitty,69
Dobie,70
Flora,71
Katt,72
Gayle,73
Tiansheng,74
Mira,75
Jitters,76
Mitzi,77
Cole,78
Aurora,79
Chevre,80
Clay,81
Bianca,82
Olivia,83
Purrl,84
Ruby,85
Shari,86
Dizzy,87
Shep,88
Petri,89
Cheri,90
Sylvana,91
Snake,92
Peanut,93
Chabwick,94
Sprinkle,95
Octavian,96
Ellie,97
Carmen,98
Zell,99
Cube,100
Joey,101
Flurry,102
Chrissy,103
Ozzie,104
Lyman,105
Raddle,106
Mint,107
Billy,108
Kyle,109
Hornsby,110
Freya,111
Henry,112
Rodney,113
Poncho,114
Scoot,115
Toby,116
Bones,117
Drago,118
OHare,119
Agnes,120
Hazel,121
Wade,122
Samson,123
Quinn,124
Static,125
Felicity,126
Cyd,127
Pecan,128
Bud,129
Muffy,130
Bunnie,131
Antonio,132
Jeremiah,133
Renée,134
Stinky,135
Puck,136
Pekoe,137
Dotty,138
Wendy,139
Papi,140
Nan,141
Broccolo,142
Goose,143
Butch,144
Reneigh,145
Deirdre,146
Frita,147
Maddie,148
Gladys,149
Gala,150
Francine,151
Celia,152
Biff,153
Piper,154
Sheldon,155
Marcel,156
Pate,157
Boots,158
Snooty,159
Marlo,160
Puddles,161
Chai,162
Mac,163
Midge,164
Tom,165
Iggly,166
Pompom,167
Tabby,168
Winnie,169
Simon,170
Lobo,171
Margie,172
Axel,173
Caroline,174
Sly,175
Jacob,176
Chief,177
Agent S,178
Alice,179
Vivian,180
Freckles,181
Rodeo,182
Tiffany,183
Twiggy,184
Camofrog,185
Weber,186
June,187
Faith,188
Kidd,189
Lopez,190
Diva,191
Norma,192
Hopkins,193
Sylvia,194
Jambette,195
Julia,196
Walker,197
Nana,198
Graham,199
Avery,200
Spike,201
Cally,202
Vesta,203
Bangle,204
Roswell,205
Sterling,206
Olive,207
Tipper,208
Hans,209
Sprocket,210
Rolf,211
Bella,212
Patty,213
Benedict,214
Ursala,215
Del,216
Curlos,217
Leopold,218
Elise,219
Tad,220
Rocco,221
Bea,222
Blaire,223
Savannah,224
Colton,225
Olaf,226
Tybalt,227
Hugh,228
Doc,229
Bree,230
Marty,231
Étoile,232
Flo,233
Pinky,234
Egbert,235
Sally,236
Paolo,237
Marcie,238
Drake,239
Frobert,240
Mathilda,241
Peck,242
Barold,243
Roscoe,244
Moe,245
Tammy,246
Rex,247
Nibbles,248
Gonzo,249
Lionel,250
Grizzly,251
Crackle(Spork),252
Truffles,253
Sydney,254
Canberra,255
Beardo,256
Tasha,257
Flip,258
Klaus,259
Keaton,260
Astrid,261
Gruff,262
Cashmere,263
Gloria,264
Azalea,265
Tutu,266
Deli,267
Ken,268
Al,269
Eunice,270
Plucky,271
Nate,272
Curt,273
Derwin,274
Bettina,275
Timbra,276
Alfonso,277
Megan,278
Pierce,279
WartJr,280
Knox,281
Yuka,282
Kitt,283
Bonbon,284
Leonardo,285
Rhonda,286
Robin,287
Eugene,288
Chester,289
Rod,290
Prince,291
Rio,292
Cousteau,293
Vladimir,294
Sandy,295
Candi,296
Frank,297
Gwen,298
Chadder,299
Coach,300
Elvis,301
Jay,302
Victoria,303
Kitty,304
Sparro,305
Boyd,306
Croque,307
Ribbot,308
Buck(Brows),309
Bubbles,310
Jacques,311
Admiral,312
Boone,313
Pudge,314
Baabara,315
Huck,316
Ava,317
Cleo,318
Clyde,319
Chow,320
Monty,321
Ace,322
Tank,323
Bertha,324
Annalisa,325
Stu,326
Portia,327
Rowan,328
Opal,329
Lucy,330
Chelsea,331
Ed,332
Carrie,333
Monique,334
Velma,335
Pancetti,336
Violet,337
Queenie,338
Stella,339
Walt,340
Dora,341
Elmer,342
Pippy,343
Kody,344
Claudia,345
Buzz,346
Boris,347
Cobb,348
Chops,349
Peaches,350
Miranda,351
Penelope,352
Greta,353
Naomi,354
T-Bone,355
Rizzo,356
Anabelle,357
Phil,358
Willow,359
Tex,360
Deena,361
Tammi,362
Eloise,363
Groucho,364
Angus,365
Alli,366
Claude,367
Vic,368
Ike,369
Broffina,370
Gigi,371
Moose,372
Anchovy,373
Frett,374
Hopper,375
Hamphrey,376
Murphy,377
Kevin,378
Peewee,379
Rasher,380
Rory,381
Mott,382
Curly,383
Paula,384
Harry,385
Boomer,386
Zoe,387
Benjamin,388
Gaston,389
Tucker,390
Lucha,391
Anicotti,392
Rocket,393
Maggie,394
Gabi,395
Soleil,396
Friga,397
Rilla,398
Maelle,399
Pango,400
Peggy,401
Hippeux,402
Ricky,403
Limberg,404
Mallary,405
Becky,406
Big Top,407
Drift,408
Louie,409
Charlise,410
Rooney,411
Annalise,412
Cesar,413
